city,mean,variance,std_dev,skewness,max_degree,mode
Chengdu,2.833879781420765,1.0012565319955806,1.000628068762605,-0.19725917205689109,11,3
Dalian,2.6309445056964353,0.9874290601324368,0.9936946513554538,-0.31009089838717957,7,3
Dongguan,2.676608538785328,0.9949970367761571,0.9974953818319948,-0.30428154448278466,7,3
Harbin,2.742798545725739,0.9621871154709905,0.9809113698347015,-0.3828846656688393,7,3
Qingdao,2.7375845688786526,1.1290653043134857,1.0625748464524678,-0.3349487316011587,8,3
Quanzhou,2.6858251057827927,1.0807722740664556,1.039601978675712,-0.1503705796200613,6,3
Shenyang,2.927076923076923,0.880682224852071,0.9384467085839616,-0.08249123706254635,14,3
Zhengzhou,2.8083387906570616,0.9137134813789346,0.9558836128833544,-0.33566738945998054,8,3
